ClientID,LastName,FirstName,Gender,Race,DOB
C00001,Last0,First0,F,Hispanic,2009-03-26
C00002,Last1,First1,F,Black,2010-02-09
C00003,Last2,First2,F,Black,2008-08-11
C00004,Last3,First3,M,Black,2007-02-12
C00005,Last4,First4,F,White,2007-09-06
C00006,Last5,First5,M,White,2009-04-18
C00007,Last6,First6,F,Black,2007-08-15
C00008,Last7,First7,M,Asian,2009-08-10
C00009,Last8,First8,M,Other,2005-06-28
C00010,Last9,First9,M,White,2008-07-27
C00011,Last10,First10,M,Asian,2010-04-22
C00012,Last11,First11,F,Asian,2009-04-11
C00013,Last12,First12,F,Other,2009-05-01
C00014,Last13,First13,F,Black,2006-09-16
C00015,Last14,First14,F,Asian,2010-07-22
C00016,Last15,First15,M,Asian,2005-06-01
C00017,Last16,First16,F,Asian,2006-06-02
C00018,Last17,First17,F,Black,2010-08-20
C00019,Last18,First18,F,Black,2008-09-21
C00020,Last19,First19,M,White,2006-02-16
C00021,Last20,First20,F,White,2009-12-09
C00022,Last21,First21,M,Asian,2006-02-13
C00023,Last22,First22,F,Black,2010-11-25
C00024,Last23,First23,M,Black,2010-02-15
C00025,Last24,First24,M,Other,2005-03-04
C00026,Last25,First25,F,Asian,2006-08-14
C00027,Last26,First26,M,White,2009-08-07
C00028,Last27,First27,M,Other,2006-09-25
C00029,Last28,First28,M,Black,2005-11-03
C00030,Last29,First29,F,White,2010-04-08
C00031,Last30,First30,F,Asian,2007-12-22
C00032,Last31,First31,M,Black,2008-10-18
C00033,Last32,First32,M,Asian,2009-06-17
C00034,Last33,First33,M,Other,2005-11-25
C00035,Last34,First34,M,Other,2008-09-07
C00036,Last35,First35,M,Other,2010-12-26
C00037,Last36,First36,M,Hispanic,2009-04-06
C00038,Last37,First37,M,Asian,2008-07-21
C00039,Last38,First38,F,Other,2010-06-22
C00040,Last39,First39,M,Other,2005-05-28
C00041,Last40,First40,M,Asian,2005-10-08
C00042,Last41,First41,M,Other,2007-08-20
C00043,Last42,First42,F,Asian,2008-03-23
C00044,Last43,First43,M,Black,2007-07-21
C00045,Last44,First44,M,Asian,2006-01-06
C00046,Last45,First45,M,Asian,2009-11-13
C00047,Last46,First46,F,Hispanic,2006-02-08
C00048,Last47,First47,M,Black,2006-02-16
C00049,Last48,First48,F,Hispanic,2009-12-23
C00050,Last49,First49,M,Other,2006-11-13
C00051,Last50,First50,F,Asian,2008-05-11
C00052,Last51,First51,F,Black,2005-04-29
C00053,Last52,First52,M,Hispanic,2005-07-08
C00054,Last53,First53,M,Asian,2008-08-21
C00055,Last54,First54,F,White,2005-08-18
C00056,Last55,First55,M,Hispanic,2008-04-16
C00057,Last56,First56,M,Black,2009-01-08
C00058,Last57,First57,F,Hispanic,2009-03-16
C00059,Last58,First58,M,Hispanic,2009-10-31
C00060,Last59,First59,M,Hispanic,2006-08-20
C00061,Last60,First60,M,Other,2007-09-28
C00062,Last61,First61,M,White,2010-12-16
C00063,Last62,First62,M,Black,2009-08-15
C00064,Last63,First63,F,Black,2007-01-08
C00065,Last64,First64,M,Black,2006-11-28
C00066,Last65,First65,M,Asian,2006-12-19
C00067,Last66,First66,F,Black,2005-11-20
C00068,Last67,First67,M,Black,2009-04-16
C00069,Last68,First68,M,White,2007-09-14
C00070,Last69,First69,F,Asian,2010-08-01
C00071,Last70,First70,F,Asian,2006-08-10
C00072,Last71,First71,F,Hispanic,2007-08-10
C00073,Last72,First72,F,Other,
C00074,Last73,First73,F,Asian,2007-11-07
C00075,Last74,First74,M,Asian,2010-02-26
C00076,Last75,First75,M,White,2007-11-12
C00077,Last76,First76,M,Black,
C00078,Last77,First77,F,Asian,2010-03-21
C00079,Last78,First78,F,Asian,2008-03-24
C00080,Last79,First79,M,Other,2006-10-10
C00081,Last80,First80,M,White,2005-10-30
C00082,Last81,First81,F,Other,2009-12-15
C00083,Last82,First82,M,Asian,2008-11-16
C00084,Last83,First83,M,Asian,2008-05-10
C00085,Last84,First84,M,White,2009-10-04
C00086,Last85,First85,M,Hispanic,2007-10-22
C00087,Last86,First86,M,Hispanic,2010-02-15
C00088,Last87,First87,F,Asian,2008-05-22
C00089,Last88,First88,F,Asian,2007-03-27
C00090,Last89,First89,M,Other,2009-04-25
C00091,Last90,First90,F,Other,2010-06-03
C00092,Last91,First91,M,Other,2006-03-13
C00093,Last92,First92,M,Black,2007-08-30
C00094,Last93,First93,M,Asian,2009-04-12
C00095,Last94,First94,F,Black,2009-01-10
C00096,Last95,First95,M,Hispanic,2008-04-26
C00097,Last96,First96,F,Asian,2008-04-24
C00098,Last97,First97,F,Asian,2005-03-31
C00099,Last98,First98,F,White,2009-06-10
C00100,Last99,First99,F,Asian,2008-01-30
C00101,Last100,First100,M,Hispanic,2005-02-03
C00102,Last101,First101,F,Asian,2005-07-20
C00103,Last102,First102,M,Black,2010-07-28
C00104,Last103,First103,F,Asian,2008-03-18
C00105,Last104,First104,M,Black,2007-08-01
C00106,Last105,First105,M,Other,2008-12-14
C00107,Last106,First106,F,Other,2007-06-17
C00108,Last107,First107,F,White,2007-02-18
C00109,Last108,First108,F,Asian,2007-10-24
C00110,Last109,First109,M,Other,2006-07-15
C00111,Last110,First110,M,Other,2006-02-02
C00112,Last111,First111,M,White,2005-06-11
C00113,Last112,First112,M,White,2008-06-19
C00114,Last113,First113,F,Asian,2009-12-11
C00115,Last114,First114,F,Black,2005-05-17
C00116,Last115,First115,M,Asian,2009-02-03
C00117,Last116,First116,F,Black,2006-06-23
C00118,Last117,First117,M,White,2006-01-05
C00119,Last118,First118,M,Hispanic,2008-04-23
C00120,Last119,First119,M,Asian,2008-08-31
C00121,Last120,First120,F,Hispanic,2009-08-29
C00122,Last121,First121,M,Black,2006-12-21
C00123,Last122,First122,F,Asian,2007-04-03
C00124,Last123,First123,M,Hispanic,2006-06-26
C00125,Last124,First124,F,Hispanic,2009-02-07
C00126,Last125,First125,M,Asian,2010-12-15
C00127,Last126,First126,M,Hispanic,2010-08-18
C00128,Last127,First127,F,Asian,2008-01-22
C00129,Last128,First128,M,Hispanic,2006-11-05
C00130,Last129,First129,M,White,2007-11-19
C00131,Last130,First130,M,Asian,2010-05-28
C00132,Last131,First131,M,White,2008-04-23
C00133,Last132,First132,M,Other,2008-10-19
C00134,Last133,First133,F,White,2006-04-17
C00135,Last134,First134,M,Hispanic,2010-04-03
C00136,Last135,First135,M,Black,2005-11-05
C00137,Last136,First136,M,White,2006-07-31
C00138,Last137,First137,F,White,2007-07-14
C00139,Last138,First138,F,White,2009-06-16
C00140,Last139,First139,F,Black,2009-02-07
C00141,Last140,First140,M,Black,
C00142,Last141,First141,M,White,2009-06-05
C00143,Last142,First142,F,Other,2005-02-27
C00144,Last143,First143,F,Black,2007-12-20
C00145,Last144,First144,F,Black,2006-05-22
C00146,Last145,First145,F,Black,2010-02-06
C00147,Last146,First146,M,Asian,2009-02-18
C00148,Last147,First147,F,White,2007-12-10
C00149,Last148,First148,F,Other,2009-04-10
C00150,Last149,First149,F,Black,2009-03-02
C00151,Last150,First150,M,Asian,2006-03-20
C00152,Last151,First151,F,Hispanic,2007-08-16
C00153,Last152,First152,M,Hispanic,2010-04-16
C00154,Last153,First153,M,Black,2005-04-13
C00155,Last154,First154,M,Other,2008-09-05
C00156,Last155,First155,M,Other,2007-06-26
C00157,Last156,First156,M,White,2005-09-16
C00158,Last157,First157,M,Black,2010-03-17
C00159,Last158,First158,F,Hispanic,2008-05-22
C00160,Last159,First159,M,White,2009-07-31
C00161,Last160,First160,F,Other,2006-04-23
C00162,Last161,First161,F,White,2006-07-27
C00163,Last162,First162,M,Hispanic,2005-07-05
C00164,Last163,First163,M,Other,2005-06-02
C00165,Last164,First164,M,Asian,2008-05-31
C00166,Last165,First165,M,Asian,2010-07-11
C00167,Last166,First166,F,Black,2006-04-21
C00168,Last167,First167,F,White,2006-02-03
C00169,Last168,First168,F,Other,2007-08-20
C00170,Last169,First169,M,Black,2006-07-10
C00171,Last170,First170,F,White,2009-05-11
C00172,Last171,First171,F,Hispanic,2010-02-02
C00173,Last172,First172,M,Other,2009-02-28
C00174,Last173,First173,F,White,
C00175,Last174,First174,F,Other,2006-09-25
C00176,Last175,First175,M,White,2009-08-27
C00177,Last176,First176,F,Hispanic,2006-02-10
C00178,Last177,First177,F,Other,2010-06-28
C00179,Last178,First178,F,Asian,2009-07-30
C00180,Last179,First179,M,Hispanic,2008-02-20
C00181,Last180,First180,M,White,2005-05-15
C00182,Last181,First181,M,Other,2009-02-26
C00183,Last182,First182,M,Hispanic,2007-06-09
C00184,Last183,First183,F,White,2009-12-22
C00185,Last184,First184,M,Asian,2009-12-27
C00186,Last185,First185,M,Asian,2007-08-26
C00187,Last186,First186,F,White,2009-01-25
C00188,Last187,First187,F,Asian,2006-02-11
C00189,Last188,First188,M,Hispanic,2009-02-13
C00190,Last189,First189,M,Asian,2009-01-09
C00191,Last190,First190,M,Black,2005-09-06
C00192,Last191,First191,F,Asian,2009-06-19
C00193,Last192,First192,F,Black,2008-02-05
C00194,Last193,First193,F,Other,2007-02-17
C00195,Last194,First194,F,Hispanic,2006-05-16
C00196,Last195,First195,F,Other,2010-02-06
C00197,Last196,First196,M,Other,2006-01-11
C00198,Last197,First197,M,Asian,2007-05-19
C00199,Last198,First198,M,Asian,2005-03-29
C00200,Last199,First199,F,Asian,2005-07-27
C00201,Last200,First200,M,Other,2008-09-28
C00202,Last201,First201,M,Hispanic,2007-09-25
C00203,Last202,First202,M,Hispanic,2006-05-31
C00204,Last203,First203,M,Black,2007-04-21
C00205,Last204,First204,F,White,2005-10-09
C00206,Last205,First205,F,Hispanic,2007-04-29
C00207,Last206,First206,M,Asian,2007-06-04
C00208,Last207,First207,M,Black,2007-08-13
C00209,Last208,First208,F,Asian,2008-09-07
C00210,Last209,First209,F,Other,2006-08-28
C00211,Last210,First210,F,Other,2005-01-12
C00212,Last211,First211,F,Asian,2008-02-10
C00213,Last212,First212,F,Hispanic,2006-08-16
C00214,Last213,First213,M,White,2006-06-17
C00215,Last214,First214,F,Asian,2007-10-24
C00216,Last215,First215,M,Hispanic,2006-12-16
C00217,Last216,First216,M,Black,2006-03-27
C00218,Last217,First217,F,Asian,2005-04-16
C00219,Last218,First218,M,Black,2006-06-24
C00220,Last219,First219,M,Hispanic,2005-03-02
C00221,Last220,First220,M,Hispanic,2009-01-07
C00222,Last221,First221,M,Hispanic,2007-09-02
C00223,Last222,First222,M,Hispanic,2008-08-19
C00224,Last223,First223,M,Other,2005-03-06
C00225,Last224,First224,M,Hispanic,2006-12-15
C00226,Last225,First225,M,Other,2007-12-23
C00227,Last226,First226,M,White,2005-08-03
C00228,Last227,First227,M,Other,2006-06-04
C00229,Last228,First228,M,Black,2009-09-21
C00230,Last229,First229,M,White,2010-11-25
C00231,Last230,First230,M,Black,2006-04-11
C00232,Last231,First231,F,Asian,2005-09-18
C00233,Last232,First232,F,Asian,2010-05-05
C00234,Last233,First233,F,Other,2010-01-11
C00235,Last234,First234,F,Black,2009-01-22
C00236,Last235,First235,M,Asian,2010-10-04
C00237,Last236,First236,F,Asian,2006-03-23
C00238,Last237,First237,M,Asian,2010-01-26
C00239,Last238,First238,F,White,2010-08-26
C00240,Last239,First239,M,White,2007-06-27
C00241,Last240,First240,M,Hispanic,2005-06-27
C00242,Last241,First241,F,Black,2010-11-06
C00243,Last242,First242,M,Asian,2008-05-20
C00244,Last243,First243,M,Black,2010-02-20
C00245,Last244,First244,F,Hispanic,2005-05-08
C00246,Last245,First245,M,Other,2005-09-07
C00247,Last246,First246,M,Hispanic,2010-05-16
C00248,Last247,First247,F,Asian,2009-07-04
C00249,Last248,First248,M,Other,2009-10-13
C00250,Last249,First249,M,Other,2006-03-19
C00251,Last250,First250,F,Hispanic,2010-07-02
C00252,Last251,First251,F,Asian,2009-12-22
C00253,Last252,First252,M,Other,2005-10-29
C00254,Last253,First253,M,Hispanic,2005-11-27
C00255,Last254,First254,M,Hispanic,2008-08-12
C00256,Last255,First255,F,Asian,2006-08-31
C00257,Last256,First256,M,Hispanic,2005-09-27
C00258,Last257,First257,M,Hispanic,2006-06-01
C00259,Last258,First258,F,Hispanic,2008-02-01
C00260,Last259,First259,M,Black,2008-08-24
C00261,Last260,First260,M,White,2009-04-10
C00262,Last261,First261,M,Black,2010-12-14
C00263,Last262,First262,M,Hispanic,2008-04-22
C00264,Last263,First263,M,White,2010-02-02
C00265,Last264,First264,M,Other,2010-09-02
C00266,Last265,First265,M,Black,2009-10-29
C00267,Last266,First266,F,Black,2006-02-11
C00268,Last267,First267,M,Black,2006-04-14
C00269,Last268,First268,F,Asian,2007-05-31
C00270,Last269,First269,F,Hispanic,2009-10-28
C00271,Last270,First270,M,Other,2010-01-24
C00272,Last271,First271,F,Other,2007-07-25
C00273,Last272,First272,M,Other,2009-08-22
C00274,Last273,First273,F,Hispanic,2008-10-20
C00275,Last274,First274,F,White,
C00276,Last275,First275,M,Black,2009-06-22
C00277,Last276,First276,M,Hispanic,2009-08-31
C00278,Last277,First277,M,Black,2006-01-25
C00279,Last278,First278,M,Hispanic,2008-07-04
C00280,Last279,First279,F,Black,2009-10-15
C00281,Last280,First280,M,Hispanic,2008-07-04
C00282,Last281,First281,F,White,2007-11-11
C00283,Last282,First282,F,Other,2009-03-14
C00284,Last283,First283,F,Black,2006-09-18
C00285,Last284,First284,M,Hispanic,2010-04-27
C00286,Last285,First285,F,White,2005-10-02
C00287,Last286,First286,M,White,2006-01-09
C00288,Last287,First287,F,Other,2005-12-16
C00289,Last288,First288,M,Hispanic,2006-01-17
C00290,Last289,First289,F,Black,2009-11-04
C00291,Last290,First290,M,Asian,2006-01-31
C00292,Last291,First291,F,White,2009-03-07
C00293,Last292,First292,M,White,2006-06-17
C00294,Last293,First293,M,Other,2005-09-03
C00295,Last294,First294,F,Hispanic,2008-09-12
C00296,Last295,First295,F,Asian,2006-05-16
C00297,Last296,First296,F,Asian,2009-08-10
C00298,Last297,First297,F,Asian,2008-12-19
C00299,Last298,First298,M,Hispanic,2009-09-29
C00300,Last299,First299,F,Black,2005-07-30
C00301,Last300,First300,M,White,2008-03-24
C00302,Last301,First301,M,Hispanic,2008-07-03
C00303,Last302,First302,F,Asian,2008-12-11
C00304,Last303,First303,F,White,2006-03-01
C00305,Last304,First304,F,White,2010-09-10
C00306,Last305,First305,M,Asian,
C00307,Last306,First306,M,Asian,2006-09-26
C00308,Last307,First307,F,White,2010-05-30
C00309,Last308,First308,M,Other,2007-07-08
C00310,Last309,First309,F,White,2006-03-20
C00311,Last310,First310,M,Black,2008-12-05
C00312,Last311,First311,M,Black,2009-02-14
C00313,Last312,First312,F,Other,2006-04-16
C00314,Last313,First313,M,Hispanic,2008-02-16
C00315,Last314,First314,M,White,2007-07-16
C00316,Last315,First315,M,Black,2009-10-24
C00317,Last316,First316,M,White,2005-04-18
C00318,Last317,First317,M,Other,2008-01-01
C00319,Last318,First318,M,Asian,2005-04-29
C00320,Last319,First319,F,Other,2007-01-09
C00321,Last320,First320,F,Other,2008-01-25
C00322,Last321,First321,M,Other,2008-06-19
C00323,Last322,First322,M,Black,2008-10-23
C00324,Last323,First323,F,Other,2008-12-08
C00325,Last324,First324,F,Asian,2005-01-26
C00326,Last325,First325,F,Asian,2007-01-14
C00327,Last326,First326,M,Asian,2006-08-10
C00328,Last327,First327,F,Hispanic,2009-06-30
C00329,Last328,First328,M,Other,2005-10-13
C00330,Last329,First329,M,Asian,2006-08-05
C00331,Last330,First330,F,Hispanic,2005-05-06
C00332,Last331,First331,M,Other,2006-01-11
C00333,Last332,First332,M,Other,2010-12-13
C00334,Last333,First333,F,White,2007-06-01
C00335,Last334,First334,M,Other,2009-03-21
C00336,Last335,First335,F,White,2009-09-16
C00337,Last336,First336,M,Black,2010-02-02
C00338,Last337,First337,F,Black,2008-10-28
C00339,Last338,First338,F,Hispanic,2006-10-07
C00340,Last339,First339,M,White,2009-02-24
C00341,Last340,First340,F,Black,2008-06-30
C00342,Last341,First341,M,Black,2008-08-21
C00343,Last342,First342,M,Black,2005-12-14
C00344,Last343,First343,F,Other,2005-08-04
C00345,Last344,First344,M,White,2006-09-30
C00346,Last345,First345,M,Black,2006-10-07
C00347,Last346,First346,M,White,2005-07-23
C00348,Last347,First347,F,Asian,2005-12-01
C00349,Last348,First348,F,Asian,2008-01-20
C00350,Last349,First349,M,Other,2009-12-20
C00351,Last350,First350,M,Asian,2009-10-03
C00352,Last351,First351,F,Hispanic,2010-06-13
C00353,Last352,First352,F,White,2009-12-16
C00354,Last353,First353,M,Black,2009-08-24
C00355,Last354,First354,F,Hispanic,2008-01-24
C00356,Last355,First355,M,Hispanic,2007-06-02
C00357,Last356,First356,F,Asian,2010-09-30
C00358,Last357,First357,M,White,2006-04-12
C00359,Last358,First358,M,Black,2008-11-14
C00360,Last359,First359,M,Hispanic,2009-10-27
C00361,Last360,First360,M,Other,2006-03-31
C00362,Last361,First361,M,Black,2008-03-06
C00363,Last362,First362,M,Asian,2010-06-17
C00364,Last363,First363,M,White,2010-11-29
C00365,Last364,First364,M,Other,2008-06-17
C00366,Last365,First365,M,Black,2005-07-06
C00367,Last366,First366,F,Black,2007-06-23
C00368,Last367,First367,M,Hispanic,2009-06-07
C00369,Last368,First368,F,Black,2005-08-13
C00370,Last369,First369,M,White,2005-02-01
C00371,Last370,First370,F,White,2007-04-18
C00372,Last371,First371,M,Black,2008-05-19
C00373,Last372,First372,F,Hispanic,2007-05-16
C00374,Last373,First373,M,Other,2006-07-17
C00375,Last374,First374,M,Other,2007-11-13
C00376,Last375,First375,M,Hispanic,2008-03-31
C00377,Last376,First376,F,Asian,2008-09-05
C00378,Last377,First377,F,White,2006-05-07
C00379,Last378,First378,M,Asian,2005-02-01
C00380,Last379,First379,M,Hispanic,2010-07-31
C00381,Last380,First380,F,Asian,2009-10-30
C00382,Last381,First381,F,Hispanic,2006-12-21
C00383,Last382,First382,F,Other,2006-06-14
C00384,Last383,First383,M,Other,2009-04-07
C00385,Last384,First384,F,Asian,2010-12-22
C00386,Last385,First385,M,Asian,2007-08-01
C00387,Last386,First386,M,White,2010-08-12
C00388,Last387,First387,M,Other,2008-12-21
C00389,Last388,First388,M,White,2005-10-23
C00390,Last389,First389,M,Asian,2009-06-15
C00391,Last390,First390,F,Hispanic,2005-06-23
C00392,Last391,First391,F,Other,2009-11-22
C00393,Last392,First392,M,Hispanic,2005-03-18
C00394,Last393,First393,M,White,2010-02-27
C00395,Last394,First394,F,White,2005-11-15
C00396,Last395,First395,M,Black,2008-07-06
C00397,Last396,First396,F,Other,2009-10-25
C00398,Last397,First397,F,Other,2009-07-15
C00399,Last398,First398,F,White,2009-09-07
C00400,Last399,First399,F,Hispanic,2008-03-31
C00401,Last400,First400,F,Other,2006-04-17
C00402,Last401,First401,M,White,2009-07-18
C00403,Last402,First402,M,Black,2005-03-27
C00404,Last403,First403,F,Asian,2008-08-23
C00405,Last404,First404,M,Other,2006-12-05
C00406,Last405,First405,M,Asian,2010-02-28
C00407,Last406,First406,F,Hispanic,2009-01-22
C00408,Last407,First407,M,Black,2005-12-27
C00409,Last408,First408,F,Other,2009-11-24
C00410,Last409,First409,M,Asian,2006-03-10
C00411,Last410,First410,M,Asian,2007-09-24
C00412,Last411,First411,M,White,2009-11-20
C00413,Last412,First412,M,Asian,2009-06-29
C00414,Last413,First413,F,Hispanic,2010-11-17
C00415,Last414,First414,F,Asian,2005-11-19
C00416,Last415,First415,M,Hispanic,2009-06-10
C00417,Last416,First416,M,Hispanic,2008-06-24
C00418,Last417,First417,M,White,2008-10-22
C00419,Last418,First418,F,Black,2007-06-27
C00420,Last419,First419,F,Hispanic,2008-09-26
C00421,Last420,First420,M,Asian,2006-11-20
C00422,Last421,First421,F,Asian,2005-11-09
C00423,Last422,First422,M,Hispanic,2010-09-22
C00424,Last423,First423,M,Asian,2006-04-13
C00425,Last424,First424,M,Other,2010-12-14
C00426,Last425,First425,M,White,2010-09-20
C00427,Last426,First426,M,Asian,2007-03-06
C00428,Last427,First427,M,White,2008-12-02
C00429,Last428,First428,F,Hispanic,2008-12-09
C00430,Last429,First429,M,Hispanic,2006-08-28
C00431,Last430,First430,F,Hispanic,2007-08-26
C00432,Last431,First431,M,White,2006-02-26
C00433,Last432,First432,M,Asian,2006-08-23
C00434,Last433,First433,M,Other,2007-11-15
C00435,Last434,First434,M,White,2007-03-20
C00436,Last435,First435,F,Other,2006-12-12
C00437,Last436,First436,F,Asian,2006-09-19
C00438,Last437,First437,M,Asian,2005-11-05
C00439,Last438,First438,M,White,2006-12-27
C00440,Last439,First439,M,Black,2010-07-17
C00441,Last440,First440,F,Other,2010-03-16
C00442,Last441,First441,M,Hispanic,2010-01-13
C00443,Last442,First442,M,Other,2008-08-16
C00444,Last443,First443,M,Asian,2008-07-18
C00445,Last444,First444,M,Asian,2006-09-11
C00446,Last445,First445,F,White,2009-12-07
C00447,Last446,First446,F,Black,2005-10-07
C00448,Last447,First447,M,Hispanic,2010-04-05
C00449,Last448,First448,M,Other,2009-12-17
C00450,Last449,First449,F,Black,2008-05-25
C00451,Last450,First450,F,Hispanic,2008-01-31
C00452,Last451,First451,M,Asian,2005-08-19
C00453,Last452,First452,M,Asian,2008-12-12
C00454,Last453,First453,M,White,2010-09-10
C00455,Last454,First454,M,White,2005-10-31
C00456,Last455,First455,F,Other,2008-06-25
C00457,Last456,First456,F,Black,2010-03-07
C00458,Last457,First457,F,Black,2010-01-26
C00459,Last458,First458,M,Hispanic,2005-06-04
C00460,Last459,First459,M,Other,2005-08-22
C00461,Last460,First460,M,White,2009-02-19
C00462,Last461,First461,M,Other,2008-03-21
C00463,Last462,First462,F,Asian,2005-11-11
C00464,Last463,First463,M,White,2006-01-05
C00465,Last464,First464,M,Black,2010-09-08
C00466,Last465,First465,M,White,2009-04-24
C00467,Last466,First466,F,Asian,2010-03-11
C00468,Last467,First467,M,White,2005-06-18
C00469,Last468,First468,M,Black,2010-01-17
C00470,Last469,First469,M,Asian,2007-02-11
C00471,Last470,First470,M,Hispanic,
C00472,Last471,First471,M,Other,2010-05-03
C00473,Last472,First472,F,Hispanic,2010-08-16
C00474,Last473,First473,F,Asian,2006-09-10
C00475,Last474,First474,F,Asian,2005-09-11
C00476,Last475,First475,M,Asian,2010-01-20
C00477,Last476,First476,M,Black,
C00478,Last477,First477,F,Asian,2008-11-07
C00479,Last478,First478,F,Other,2005-12-12
C00480,Last479,First479,F,Black,2010-08-29
C00481,Last480,First480,M,Asian,2006-12-08
C00482,Last481,First481,M,Black,2005-06-10
C00483,Last482,First482,F,Other,2007-10-12
C00484,Last483,First483,M,Other,2009-11-29
C00485,Last484,First484,M,Black,2009-12-05
C00486,Last485,First485,M,White,2010-11-17
C00487,Last486,First486,F,Hispanic,2010-11-12
C00488,Last487,First487,M,Asian,2006-10-13
C00489,Last488,First488,F,Hispanic,2009-01-30
C00490,Last489,First489,F,Other,2009-03-08
C00491,Last490,First490,M,Hispanic,
C00492,Last491,First491,M,White,2009-05-06
C00493,Last492,First492,M,Hispanic,2009-08-02
C00494,Last493,First493,M,Hispanic,2008-10-17
C00495,Last494,First494,F,Other,2005-08-03
C00496,Last495,First495,F,Other,2008-10-02
C00497,Last496,First496,M,Asian,2005-09-27
C00498,Last497,First497,F,Black,2008-09-12
C00499,Last498,First498,M,Asian,2006-01-23
C00500,Last499,First499,M,Other,
C00041,Last500,First500,F,Asian,2008-03-09
C00008,Last501,First501,F,Hispanic,2007-10-30
C00002,Last502,First502,M,Hispanic,2006-09-08
C00048,Last503,First503,M,Other,2008-09-27
C00018,Last504,First504,F,Other,2005-11-30
